seat,student_id
A1,2099-11934
A2,2099-18974
A3,2099-15685
A4,2099-19501
A5,2099-12119
A6,2099-11064
A7,2099-13042
A8,2099-19738
B1,2099-12753
B2,2099-15146
B3,2099-14662
B4,2099-15572
B5,2099-18604
B6,2099-11126
B7,2099-19593
B8,2099-16101
C1,2099-12702
C2,2099-15878
C3,2099-13999
C4,2099-17564
C5,2099-11271
C6,2099-12725
C7,2099-12490
C8,2099-15627
D1,2099-17042
D2,2099-13575
D3,2099-18134
D4,2099-15924
D5,2099-16580
D6,2099-16909
D7,2099-15072
D8,2099-18088
E1,2099-11688
E2,2099-16519
E3,2099-16804
E4,2099-12243
E5,2099-19411
E6,2099-18711
E7,2099-14070
E8,2099-14717
F1,2099-14422
