name,dept,masked_id
강가상,샘플기계학부,2099-**738
강더미,샘플기계학부,2099-**702
강샘플,샘플전자학부,2099-**974
강임시,샘플전자학부,2099-**934
강테스트,샘플전자학부,2099-**243
김가상,샘플자유전공,2099-**627
김견본,샘플기계학부,2099-**490
김데모,샘플전자학부,2099-**999
김연습,샘플전자학부,2099-**042
김임시,샘플기계학부,2099-**753
김표본,샘플자유전공,2099-**711
박견본,샘플자유전공,2099-**064
박데모,샘플전자학부,2099-**604
윤가상,샘플전자학부,2099-**070
윤데모,샘플전자학부,2099-**072
윤샘플,샘플기계학부,2099-**572
윤임시,샘플기계학부,2099-**134
윤테스트,샘플자유전공,2099-**126
이견본,샘플전자학부,2099-**519
이데모,샘플전자학부,2099-**088
이예시,샘플자유전공,2099-**717
이임시,샘플전자학부,2099-**422
이테스트,샘플자유전공,2099-**593
이표본,샘플전자학부,2099-**101
임데모,샘플자유전공,2099-**662
임샘플,샘플전자학부,2099-**564
임연습,샘플전자학부,2099-**119
임임시,샘플기계학부,2099-**685
장더미,샘플전자학부,2099-**042
장임시,샘플전자학부,2099-**271
장표본,샘플자유전공,2099-**501
정더미,샘플기계학부,2099-**014
정연습,샘플자유전공,2099-**924
정예시,샘플전자학부,2099-**688
정예시,샘플전자학부,2099-**804
조가상,샘플전자학부,2099-**411
조견본,샘플기계학부,2099-**146
최데모,샘플전자학부,2099-**575
최샘플,샘플자유전공,2099-**909
최임시,샘플자유전공,2099-**580
최표본,샘플전자학부,2099-**725
